id,name,subdivision,territoire,sigle,pays,pays_sigle
52074,Aiseau-Presles,Hainaut,Wallonie,WAL,Belgique,BE
61003,Amay,Liège,Wallonie,WAL,Belgique,BE
63001,Amel,Liège,Wallonie,WAL,Belgique,BE
92003,Andenne,Namur,Wallonie,WAL,Belgique,BE
56001,Anderlues,Hainaut,Wallonie,WAL,Belgique,BE
91005,Anhée,Namur,Wallonie,WAL,Belgique,BE
62003,Ans,Liège,Wallonie,WAL,Belgique,BE
61079,Anthisnes,Liège,Wallonie,WAL,Belgique,BE
57003,Antoing,Hainaut,Wallonie,WAL,Belgique,BE
81001,Arlon,Luxembourg,Wallonie,WAL,Belgique,BE
92006,Assesse,Namur,Wallonie,WAL,Belgique,BE
51004,Ath,Hainaut,Wallonie,WAL,Belgique,BE
81003,Attert,Luxembourg,Wallonie,WAL,Belgique,BE
81004,Aubange,Luxembourg,Wallonie,WAL,Belgique,BE
63003,Aubel,Liège,Wallonie,WAL,Belgique,BE
62006,Awans,Liège,Wallonie,WAL,Belgique,BE
62009,Aywaille,Liège,Wallonie,WAL,Belgique,BE
63004,Baelen,Liège,Wallonie,WAL,Belgique,BE
62011,Bassenge,Liège,Wallonie,WAL,Belgique,BE
82039,Bastogne,Luxembourg,Wallonie,WAL,Belgique,BE
56005,Beaumont,Hainaut,Wallonie,WAL,Belgique,BE
91013,Beauraing,Namur,Wallonie,WAL,Belgique,BE
25005,Beauvechain,Brabant wallon,Wallonie,WAL,Belgique,BE
51008,Beloeil,Hainaut,Wallonie,WAL,Belgique,BE
64008,Berloz,Liège,Wallonie,WAL,Belgique,BE
51009,Bernissart,Hainaut,Wallonie,WAL,Belgique,BE
84009,Bertrix,Luxembourg,Wallonie,WAL,Belgique,BE
62015,Beyne-Heusay,Liège,Wallonie,WAL,Belgique,BE
58002,Binche,Hainaut,Wallonie,WAL,Belgique,BE
91015,Bièvre,Namur,Wallonie,WAL,Belgique,BE
62119,Blegny,Liège,Wallonie,WAL,Belgique,BE
84010,Bouillon,Luxembourg,Wallonie,WAL,Belgique,BE
53014,Boussu,Hainaut,Wallonie,WAL,Belgique,BE
25014,Braine-l'Alleud,Brabant wallon,Wallonie,WAL,Belgique,BE
25015,Braine-le-Château,Brabant wallon,Wallonie,WAL,Belgique,BE
55004,Braine-le-Comte,Hainaut,Wallonie,WAL,Belgique,BE
64015,Braives,Liège,Wallonie,WAL,Belgique,BE
51012,Brugelette,Hainaut,Wallonie,WAL,Belgique,BE
57093,Brunehaut,Hainaut,Wallonie,WAL,Belgique,BE
61010,Burdinne,Liège,Wallonie,WAL,Belgique,BE
63087,Burg-Reuland,Liège,Wallonie,WAL,Belgique,BE
63013,Butgenbach,Liège,Wallonie,WAL,Belgique,BE
63012,Büllingen,Liège,Wallonie,WAL,Belgique,BE
57018,Celles,Hainaut,Wallonie,WAL,Belgique,BE
93010,Cerfontaine,Namur,Wallonie,WAL,Belgique,BE
52010,Chapelle-lez-Herlaimont,Hainaut,Wallonie,WAL,Belgique,BE
52011,Charleroi,Hainaut,Wallonie,WAL,Belgique,BE
25117,Chastre,Brabant wallon,Wallonie,WAL,Belgique,BE
62022,Chaudfontaine,Liège,Wallonie,WAL,Belgique,BE
25018,Chaumont-Gistoux,Brabant wallon,Wallonie,WAL,Belgique,BE
56016,Chimay,Hainaut,Wallonie,WAL,Belgique,BE
85007,Chiny,Luxembourg,Wallonie,WAL,Belgique,BE
51014,Chièvres,Hainaut,Wallonie,WAL,Belgique,BE
52012,Châtelet,Hainaut,Wallonie,WAL,Belgique,BE
91030,Ciney,Namur,Wallonie,WAL,Belgique,BE
61012,Clavier,Liège,Wallonie,WAL,Belgique,BE
53082,Colfontaine,Hainaut,Wallonie,WAL,Belgique,BE
62026,Comblain-au-Pont,Liège,Wallonie,WAL,Belgique,BE
57097,Comines-Warneton,Hainaut,Wallonie,WAL,Belgique,BE
52015,Courcelles,Hainaut,Wallonie,WAL,Belgique,BE
25023,Court-Saint-Étienne,Brabant wallon,Wallonie,WAL,Belgique,BE
93014,Couvin,Namur,Wallonie,WAL,Belgique,BE
64021,Crisnée,Liège,Wallonie,WAL,Belgique,BE
62027,Dalhem,Liège,Wallonie,WAL,Belgique,BE
84016,Daverdisse,Luxembourg,Wallonie,WAL,Belgique,BE
91034,Dinant,Namur,Wallonie,WAL,Belgique,BE
63020,Dison,Liège,Wallonie,WAL,Belgique,BE
93018,Doische,Namur,Wallonie,WAL,Belgique,BE
64023,Donceel,Liège,Wallonie,WAL,Belgique,BE
53020,Dour,Hainaut,Wallonie,WAL,Belgique,BE
83012,Durbuy,Luxembourg,Wallonie,WAL,Belgique,BE
51017,Ellezelles,Hainaut,Wallonie,WAL,Belgique,BE
51067,Enghien,Hainaut,Wallonie,WAL,Belgique,BE
61080,Engis,Liège,Wallonie,WAL,Belgique,BE
56022,Erquelinnes,Hainaut,Wallonie,WAL,Belgique,BE
62032,Esneux,Liège,Wallonie,WAL,Belgique,BE
57027,Estaimpuis,Hainaut,Wallonie,WAL,Belgique,BE
58003,Estinnes,Hainaut,Wallonie,WAL,Belgique,BE
63023,Eupen,Liège,Wallonie,WAL,Belgique,BE
64076,Faimes,Liège,Wallonie,WAL,Belgique,BE
52018,Farciennes,Hainaut,Wallonie,WAL,Belgique,BE
82009,Fauvillers,Luxembourg,Wallonie,WAL,Belgique,BE
92138,Fernelmont,Namur,Wallonie,WAL,Belgique,BE
61019,Ferrières,Liège,Wallonie,WAL,Belgique,BE
64025,Fexhe-le-Haut-Clocher,Liège,Wallonie,WAL,Belgique,BE
52021,Fleurus,Hainaut,Wallonie,WAL,Belgique,BE
51019,Flobecq,Hainaut,Wallonie,WAL,Belgique,BE
92045,Floreffe,Namur,Wallonie,WAL,Belgique,BE
93022,Florennes,Namur,Wallonie,WAL,Belgique,BE
85011,Florenville,Luxembourg,Wallonie,WAL,Belgique,BE
62120,Flémalle,Liège,Wallonie,WAL,Belgique,BE
62038,Fléron,Liège,Wallonie,WAL,Belgique,BE
52022,Fontaine-l'Évêque,Hainaut,Wallonie,WAL,Belgique,BE
92048,Fosses-la-Ville,Namur,Wallonie,WAL,Belgique,BE
53028,Frameries,Hainaut,Wallonie,WAL,Belgique,BE
51065,Frasnes-lez-Anvaing,Hainaut,Wallonie,WAL,Belgique,BE
56029,Froidchapelle,Hainaut,Wallonie,WAL,Belgique,BE
91054,Gedinne,Namur,Wallonie,WAL,Belgique,BE
64029,Geer,Liège,Wallonie,WAL,Belgique,BE
92142,Gembloux,Namur,Wallonie,WAL,Belgique,BE
25031,Genappe,Brabant wallon,Wallonie,WAL,Belgique,BE
52025,Gerpinnes,Hainaut,Wallonie,WAL,Belgique,BE
92054,Gesves,Namur,Wallonie,WAL,Belgique,BE
82037,Gouvy,Luxembourg,Wallonie,WAL,Belgique,BE
25037,Grez-Doiceau,Brabant wallon,Wallonie,WAL,Belgique,BE
62118,Grâce-Hollogne,Liège,Wallonie,WAL,Belgique,BE
85046,Habay,Luxembourg,Wallonie,WAL,Belgique,BE
56086,Ham-sur-Heure-Nalinnes,Hainaut,Wallonie,WAL,Belgique,BE
61024,Hamoir,Liège,Wallonie,WAL,Belgique,BE
91059,Hamois,Namur,Wallonie,WAL,Belgique,BE
64034,Hannut,Liège,Wallonie,WAL,Belgique,BE
91142,Hastière,Namur,Wallonie,WAL,Belgique,BE
91064,Havelange,Namur,Wallonie,WAL,Belgique,BE
53039,Hensies,Hainaut,Wallonie,WAL,Belgique,BE
84029,Herbeumont,Luxembourg,Wallonie,WAL,Belgique,BE
62051,Herstal,Liège,Wallonie,WAL,Belgique,BE
63035,Herve,Liège,Wallonie,WAL,Belgique,BE
53083,Honnelles,Hainaut,Wallonie,WAL,Belgique,BE
83028,Hotton,Luxembourg,Wallonie,WAL,Belgique,BE
82014,Houffalize,Luxembourg,Wallonie,WAL,Belgique,BE
91072,Houyet,Namur,Wallonie,WAL,Belgique,BE
61031,Huy,Liège,Wallonie,WAL,Belgique,BE
25118,Hélécine,Brabant wallon,Wallonie,WAL,Belgique,BE
61028,Héron,Liège,Wallonie,WAL,Belgique,BE
25043,Incourt,Brabant wallon,Wallonie,WAL,Belgique,BE
25044,Ittre,Brabant wallon,Wallonie,WAL,Belgique,BE
63038,Jalhay,Liège,Wallonie,WAL,Belgique,BE
92140,Jemeppe-sur-Sambre,Namur,Wallonie,WAL,Belgique,BE
25048,Jodoigne,Brabant wallon,Wallonie,WAL,Belgique,BE
62060,Juprelle,Liège,Wallonie,WAL,Belgique,BE
53044,Jurbise,Hainaut,Wallonie,WAL,Belgique,BE
63040,Kelmis,Liège,Wallonie,WAL,Belgique,BE
92141,La Bruyère,Namur,Wallonie,WAL,Belgique,BE
25050,La Hulpe,Brabant wallon,Wallonie,WAL,Belgique,BE
58001,La Louvière,Hainaut,Wallonie,WAL,Belgique,BE
83031,La Roche-en-Ardenne,Luxembourg,Wallonie,WAL,Belgique,BE
25119,Lasne,Brabant wallon,Wallonie,WAL,Belgique,BE
55035,Le Roeulx,Hainaut,Wallonie,WAL,Belgique,BE
53046,Lens,Hainaut,Wallonie,WAL,Belgique,BE
52075,Les Bons Villers,Hainaut,Wallonie,WAL,Belgique,BE
51069,Lessines,Hainaut,Wallonie,WAL,Belgique,BE
57094,Leuze-en-Hainaut,Hainaut,Wallonie,WAL,Belgique,BE
84035,Libin,Luxembourg,Wallonie,WAL,Belgique,BE
84077,Libramont-Chevigny,Luxembourg,Wallonie,WAL,Belgique,BE
63045,Lierneux,Liège,Wallonie,WAL,Belgique,BE
63046,Limbourg,Liège,Wallonie,WAL,Belgique,BE
64047,Lincent,Liège,Wallonie,WAL,Belgique,BE
62063,Liège,Liège,Wallonie,WAL,Belgique,BE
56044,Lobbes,Hainaut,Wallonie,WAL,Belgique,BE
63048,Lontzen,Liège,Wallonie,WAL,Belgique,BE
84033,Léglise,Luxembourg,Wallonie,WAL,Belgique,BE
63049,Malmedy,Liège,Wallonie,WAL,Belgique,BE
55086,Manage,Hainaut,Wallonie,WAL,Belgique,BE
83055,Manhay,Luxembourg,Wallonie,WAL,Belgique,BE
83034,Marche-en-Famenne,Luxembourg,Wallonie,WAL,Belgique,BE
61039,Marchin,Liège,Wallonie,WAL,Belgique,BE
81013,Martelange,Luxembourg,Wallonie,WAL,Belgique,BE
85024,Meix-devant-Virton,Luxembourg,Wallonie,WAL,Belgique,BE
56049,Merbes-le-Château,Hainaut,Wallonie,WAL,Belgique,BE
81015,Messancy,Luxembourg,Wallonie,WAL,Belgique,BE
92087,Mettet,Namur,Wallonie,WAL,Belgique,BE
61041,Modave,Liège,Wallonie,WAL,Belgique,BE
56051,Momignies,Hainaut,Wallonie,WAL,Belgique,BE
53053,Mons,Hainaut,Wallonie,WAL,Belgique,BE
57095,Mont-de-l'Enclus,Hainaut,Wallonie,WAL,Belgique,BE
25068,Mont-Saint-Guibert,Brabant wallon,Wallonie,WAL,Belgique,BE
52048,Montigny-le-Tilleul,Hainaut,Wallonie,WAL,Belgique,BE
58004,Morlanwelz,Hainaut,Wallonie,WAL,Belgique,BE
57096,Mouscron,Hainaut,Wallonie,WAL,Belgique,BE
85026,Musson,Luxembourg,Wallonie,WAL,Belgique,BE
92094,Namur,Namur,Wallonie,WAL,Belgique,BE
61043,Nandrin,Liège,Wallonie,WAL,Belgique,BE
83040,Nassogne,Luxembourg,Wallonie,WAL,Belgique,BE
84043,Neufchâteau,Luxembourg,Wallonie,WAL,Belgique,BE
62121,Neupré,Liège,Wallonie,WAL,Belgique,BE
25072,Nivelles,Brabant wallon,Wallonie,WAL,Belgique,BE
92097,Ohey,Namur,Wallonie,WAL,Belgique,BE
63057,Olne,Liège,Wallonie,WAL,Belgique,BE
91103,Onhaye,Namur,Wallonie,WAL,Belgique,BE
64056,Oreye,Liège,Wallonie,WAL,Belgique,BE
25120,Orp-Jauche,Brabant wallon,Wallonie,WAL,Belgique,BE
25121,Ottignies-Louvain-la-Neuve,Brabant wallon,Wallonie,WAL,Belgique,BE
61048,Ouffet,Liège,Wallonie,WAL,Belgique,BE
62079,Oupeye,Liège,Wallonie,WAL,Belgique,BE
84050,Paliseul,Luxembourg,Wallonie,WAL,Belgique,BE
57062,Pecq,Hainaut,Wallonie,WAL,Belgique,BE
63058,Pepinster,Liège,Wallonie,WAL,Belgique,BE
25084,Perwez,Brabant wallon,Wallonie,WAL,Belgique,BE
93056,Philippeville,Namur,Wallonie,WAL,Belgique,BE
63088,Plombières,Liège,Wallonie,WAL,Belgique,BE
52055,Pont-à-Celles,Hainaut,Wallonie,WAL,Belgique,BE
92101,Profondeville,Namur,Wallonie,WAL,Belgique,BE
57064,Péruwelz,Hainaut,Wallonie,WAL,Belgique,BE
53065,Quaregnon,Hainaut,Wallonie,WAL,Belgique,BE
53068,Quiévrain,Hainaut,Wallonie,WAL,Belgique,BE
53084,Quévy,Hainaut,Wallonie,WAL,Belgique,BE
63061,Raeren,Liège,Wallonie,WAL,Belgique,BE
25122,Ramillies,Brabant wallon,Wallonie,WAL,Belgique,BE
25123,Rebecq,Brabant wallon,Wallonie,WAL,Belgique,BE
64063,Remicourt,Liège,Wallonie,WAL,Belgique,BE
83044,Rendeux,Luxembourg,Wallonie,WAL,Belgique,BE
25091,Rixensart,Brabant wallon,Wallonie,WAL,Belgique,BE
91114,Rochefort,Namur,Wallonie,WAL,Belgique,BE
85047,Rouvroy,Luxembourg,Wallonie,WAL,Belgique,BE
57072,Rumes,Hainaut,Wallonie,WAL,Belgique,BE
64065,Saint-Georges-sur-Meuse,Liège,Wallonie,WAL,Belgique,BE
53070,Saint-Ghislain,Hainaut,Wallonie,WAL,Belgique,BE
84059,Saint-Hubert,Luxembourg,Wallonie,WAL,Belgique,BE
85034,Saint-Léger,Luxembourg,Wallonie,WAL,Belgique,BE
62093,Saint-Nicolas,Liège,Wallonie,WAL,Belgique,BE
82038,Sainte-Ode,Luxembourg,Wallonie,WAL,Belgique,BE
92137,Sambreville,Namur,Wallonie,WAL,Belgique,BE
63067,Sankt Vith,Liège,Wallonie,WAL,Belgique,BE
55085,Seneffe,Hainaut,Wallonie,WAL,Belgique,BE
62096,Seraing,Liège,Wallonie,WAL,Belgique,BE
51068,Silly,Hainaut,Wallonie,WAL,Belgique,BE
56088,Sivry-Rance,Hainaut,Wallonie,WAL,Belgique,BE
55040,Soignies,Hainaut,Wallonie,WAL,Belgique,BE
92114,Sombreffe,Namur,Wallonie,WAL,Belgique,BE
91120,Somme-Leuze,Namur,Wallonie,WAL,Belgique,BE
62099,Soumagne,Liège,Wallonie,WAL,Belgique,BE
63072,Spa,Liège,Wallonie,WAL,Belgique,BE
62100,Sprimont,Liège,Wallonie,WAL,Belgique,BE
63073,Stavelot,Liège,Wallonie,WAL,Belgique,BE
63075,Stoumont,Liège,Wallonie,WAL,Belgique,BE
84068,Tellin,Luxembourg,Wallonie,WAL,Belgique,BE
83049,Tenneville,Luxembourg,Wallonie,WAL,Belgique,BE
63076,Theux,Liège,Wallonie,WAL,Belgique,BE
63089,Thimister-Clermont,Liège,Wallonie,WAL,Belgique,BE
56078,Thuin,Hainaut,Wallonie,WAL,Belgique,BE
61081,Tinlot,Liège,Wallonie,WAL,Belgique,BE
85039,Tintigny,Luxembourg,Wallonie,WAL,Belgique,BE
57081,Tournai,Hainaut,Wallonie,WAL,Belgique,BE
63086,Trois-Ponts,Liège,Wallonie,WAL,Belgique,BE
62122,Trooz,Liège,Wallonie,WAL,Belgique,BE
25105,Tubize,Brabant wallon,Wallonie,WAL,Belgique,BE
82036,Vaux-sur-Sûre,Luxembourg,Wallonie,WAL,Belgique,BE
61063,Verlaine,Liège,Wallonie,WAL,Belgique,BE
63079,Verviers,Liège,Wallonie,WAL,Belgique,BE
82032,Vielsalm,Luxembourg,Wallonie,WAL,Belgique,BE
25107,Villers-la-Ville,Brabant wallon,Wallonie,WAL,Belgique,BE
61068,Villers-le-Bouillet,Liège,Wallonie,WAL,Belgique,BE
93090,Viroinval,Namur,Wallonie,WAL,Belgique,BE
85045,Virton,Luxembourg,Wallonie,WAL,Belgique,BE
62108,Visé,Liège,Wallonie,WAL,Belgique,BE
91143,Vresse-sur-Semois,Namur,Wallonie,WAL,Belgique,BE
63080,Waimes,Liège,Wallonie,WAL,Belgique,BE
93088,Walcourt,Namur,Wallonie,WAL,Belgique,BE
25124,Walhain,Brabant wallon,Wallonie,WAL,Belgique,BE
61072,Wanze,Liège,Wallonie,WAL,Belgique,BE
64074,Waremme,Liège,Wallonie,WAL,Belgique,BE
64075,Wasseiges,Liège,Wallonie,WAL,Belgique,BE
25110,Waterloo,Brabant wallon,Wallonie,WAL,Belgique,BE
25112,Wavre,Brabant wallon,Wallonie,WAL,Belgique,BE
63084,Welkenraedt,Liège,Wallonie,WAL,Belgique,BE
84075,Wellin,Luxembourg,Wallonie,WAL,Belgique,BE
91141,Yvoir,Namur,Wallonie,WAL,Belgique,BE
55050,Écaussinnes,Hainaut,Wallonie,WAL,Belgique,BE
92035,Éghezée,Namur,Wallonie,WAL,Belgique,BE
83013,Érezée,Luxembourg,Wallonie,WAL,Belgique,BE
85009,Étalle,Luxembourg,Wallonie,WAL,Belgique,BE
