id,name,territoire,sigle,pays
DEB12,Ahrweiler,Rhénanie-Palatinat,RLP,Allemagne
DEB13,Altenkirchen (Ww),Rhénanie-Palatinat,RLP,Allemagne
DEB3B,Alzey-Worms,Rhénanie-Palatinat,RLP,Allemagne
DEB3C,Bad Dürkheim,Rhénanie-Palatinat,RLP,Allemagne
DEB14,Bad Kreuznach,Rhénanie-Palatinat,RLP,Allemagne
DEB22,Bernkastel-Wittlich,Rhénanie-Palatinat,RLP,Allemagne
DEB15,Birkenfeld,Rhénanie-Palatinat,RLP,Allemagne
DEB1C,Cochem-Zell,Rhénanie-Palatinat,RLP,Allemagne
DEB3D,Donnersbergkreis,Rhénanie-Palatinat,RLP,Allemagne
DEB23,Eifelkreis Bitburg-Prüm,Rhénanie-Palatinat,RLP,Allemagne
DEB3E,Germersheim,Rhénanie-Palatinat,RLP,Allemagne
DEB3F,Kaiserslautern,Rhénanie-Palatinat,RLP,Allemagne
DEB3G,Kusel,Rhénanie-Palatinat,RLP,Allemagne
DEB33,Landau in der Pfalz,Rhénanie-Palatinat,RLP,Allemagne
DEB3J,Mainz-Bingen,Rhénanie-Palatinat,RLP,Allemagne
DEB17,Mayen-Koblenz,Rhénanie-Palatinat,RLP,Allemagne
DEB18,Neuwied,Rhénanie-Palatinat,RLP,Allemagne
DEB1D,Rhein-Hunsrück-Kreis,Rhénanie-Palatinat,RLP,Allemagne
DEB1A,Rhein-Lahn-Kreis,Rhénanie-Palatinat,RLP,Allemagne
DEB3I,Rhein-Pfalz-Kreis,Rhénanie-Palatinat,RLP,Allemagne
DEB31,Stadt Frankenthal (Pfalz),Rhénanie-Palatinat,RLP,Allemagne
DEB32,Stadt Kaiserslautern,Rhénanie-Palatinat,RLP,Allemagne
DEB11,Stadt Koblenz,Rhénanie-Palatinat,RLP,Allemagne
DEB34,Stadt Ludwigshafen a. Rh.,Rhénanie-Palatinat,RLP,Allemagne
DEB35,Stadt Mainz,Rhénanie-Palatinat,RLP,Allemagne
DEB36,Stadt Neustadt a.d. W.,Rhénanie-Palatinat,RLP,Allemagne
DEB37,Stadt Pirmasens,Rhénanie-Palatinat,RLP,Allemagne
DEB38,Stadt Speyer,Rhénanie-Palatinat,RLP,Allemagne
DEB21,Stadt Trier,Rhénanie-Palatinat,RLP,Allemagne
DEB39,Stadt Worms,Rhénanie-Palatinat,RLP,Allemagne
DEB3A,Stadt Zweibrücken,Rhénanie-Palatinat,RLP,Allemagne
DEB3H,Südliche Weinstraße,Rhénanie-Palatinat,RLP,Allemagne
DEB3K,Südwestpfalz,Rhénanie-Palatinat,RLP,Allemagne
DEB25,Trier-Saarburg,Rhénanie-Palatinat,RLP,Allemagne
DEB24,Vulkaneifel,Rhénanie-Palatinat,RLP,Allemagne
DEB1B,Westerwaldkreis,Rhénanie-Palatinat,RLP,Allemagne
