id,name,territoire,sigle,pays,latitude,longitude
071415011,Aar-Einrich,Rhénanie-Palatinat,RLP,Allemagne,50.271,7.969
071315001,Adenau,Rhénanie-Palatinat,RLP,Allemagne,50.398,6.889
071315002,Altenahr,Rhénanie-Palatinat,RLP,Allemagne,50.493,6.998
071325010,Altenkirchen-Flammersfeld,Rhénanie-Palatinat,RLP,Allemagne,50.692,7.569
07331003,Alzey,Rhénanie-Palatinat,RLP,Allemagne,49.746,8.095
073315001,Alzey-Land,Rhénanie-Palatinat,RLP,Allemagne,49.781,8.187
07137003,Andernach,Rhénanie-Palatinat,RLP,Allemagne,50.442,7.353
073375001,Annweiler am Trifels,Rhénanie-Palatinat,RLP,Allemagne,49.215,7.947
072325001,Arzfeld,Rhénanie-Palatinat,RLP,Allemagne,50.108,6.219
071385001,Asbach,Rhénanie-Palatinat,RLP,Allemagne,50.648,7.413
073375002,Bad Bergzabern,Rhénanie-Palatinat,RLP,Allemagne,49.087,7.985
071315003,Bad Breisig,Rhénanie-Palatinat,RLP,Allemagne,50.499,7.277
07332002,Bad Dürkheim,Rhénanie-Palatinat,RLP,Allemagne,49.431,8.046
071415010,Bad Ems-Nassau,Rhénanie-Palatinat,RLP,Allemagne,50.317,7.796
071385002,Bad Hönningen,Rhénanie-Palatinat,RLP,Allemagne,50.51,7.353
07133006,Bad Kreuznach (Große kreisangehörige Stadt),Rhénanie-Palatinat,RLP,Allemagne,49.841,7.864
071335001,Bad Kreuznach (Verbandsgemeinde),Rhénanie-Palatinat,RLP,Allemagne,49.784,7.885
071435001,Bad Marienberg (Ww),Rhénanie-Palatinat,RLP,Allemagne,50.662,7.933
07131007,Bad Neuenahr-Ahrweiler,Rhénanie-Palatinat,RLP,Allemagne,50.524,7.108
071345001,Baumholder,Rhénanie-Palatinat,RLP,Allemagne,49.616,7.319
073345001,Bellheim,Rhénanie-Palatinat,RLP,Allemagne,49.199,8.268
07137203,Bendorf,Rhénanie-Palatinat,RLP,Allemagne,50.436,7.595
072315001,Bernkastel-Kues,Rhénanie-Palatinat,RLP,Allemagne,49.896,7.037
071325009,Betzdorf-Gebhardshain,Rhénanie-Palatinat,RLP,Allemagne,50.745,7.857
07339005,Bingen am Rhein,Rhénanie-Palatinat,RLP,Allemagne,49.947,7.93
071345002,Birkenfeld,Rhénanie-Palatinat,RLP,Allemagne,49.664,7.166
07232018,Bitburg,Rhénanie-Palatinat,RLP,Allemagne,49.971,6.535
072325008,Bitburger Land,Rhénanie-Palatinat,RLP,Allemagne,50.048,6.633
07338004,Bobenheim-Roxheim,Rhénanie-Palatinat,RLP,Allemagne,49.585,8.373
073395002,Bodenheim,Rhénanie-Palatinat,RLP,Allemagne,49.915,8.306
07140501,Boppard,Rhénanie-Palatinat,RLP,Allemagne,50.235,7.545
071315004,Brohltal,Rhénanie-Palatinat,RLP,Allemagne,50.45,7.17
073355001,Bruchmühlbach-Miesau,Rhénanie-Palatinat,RLP,Allemagne,49.379,7.454
07339009,Budenheim,Rhénanie-Palatinat,RLP,Allemagne,50.02,8.171
07338005,Böhl-Iggelheim,Rhénanie-Palatinat,RLP,Allemagne,49.362,8.322
071355001,Cochem,Rhénanie-Palatinat,RLP,Allemagne,50.126,7.209
073405001,Dahner Felsenland,Rhénanie-Palatinat,RLP,Allemagne,49.111,7.766
073385001,Dannstadt-Schauernheim,Rhénanie-Palatinat,RLP,Allemagne,49.423,8.293
072335001,Daun,Rhénanie-Palatinat,RLP,Allemagne,50.188,6.833
073325001,Deidesheim,Rhénanie-Palatinat,RLP,Allemagne,49.41,8.202
071385003,Dierdorf,Rhénanie-Palatinat,RLP,Allemagne,50.528,7.642
071415003,Diez,Rhénanie-Palatinat,RLP,Allemagne,50.362,7.953
073375003,Edenkoben,Rhénanie-Palatinat,RLP,Allemagne,49.279,8.105
073315002,Eich,Rhénanie-Palatinat,RLP,Allemagne,49.761,8.377
073335002,Eisenberg (Pfalz),Rhénanie-Palatinat,RLP,Allemagne,49.543,8.017
073355002,Enkenbach-Alsenborn,Rhénanie-Palatinat,RLP,Allemagne,49.46,7.905
07311000,Frankenthal (Pfalz),Rhénanie-Palatinat,RLP,Allemagne,49.53,8.352
073325002,Freinsheim,Rhénanie-Palatinat,RLP,Allemagne,49.505,8.218
073395003,Gau-Algesheim,Rhénanie-Palatinat,RLP,Allemagne,49.913,8.037
07334007,Germersheim,Rhénanie-Palatinat,RLP,Allemagne,49.209,8.372
072335006,Gerolstein,Rhénanie-Palatinat,RLP,Allemagne,50.275,6.642
07131090,Grafschaft,Rhénanie-Palatinat,RLP,Allemagne,50.57,7.059
07332024,Grünstadt,Rhénanie-Palatinat,RLP,Allemagne,49.566,8.161
073335003,Göllheim,Rhénanie-Palatinat,RLP,Allemagne,49.621,8.09
071435002,Hachenburg,Rhénanie-Palatinat,RLP,Allemagne,50.663,7.788
073345002,Hagenbach,Rhénanie-Palatinat,RLP,Allemagne,48.999,8.25
071325006,Hamm (Sieg),Rhénanie-Palatinat,RLP,Allemagne,50.759,7.675
07332025,Haßloch,Rhénanie-Palatinat,RLP,Allemagne,49.351,8.266
073405002,Hauenstein,Rhénanie-Palatinat,RLP,Allemagne,49.207,7.835
071325003,Herdorf-Daaden,Rhénanie-Palatinat,RLP,Allemagne,50.741,7.957
072355001,Hermeskeil,Rhénanie-Palatinat,RLP,Allemagne,49.678,6.923
071345005,Herrstein-Rhaunen,Rhénanie-Palatinat,RLP,Allemagne,49.81,7.305
073375004,Herxheim,Rhénanie-Palatinat,RLP,Allemagne,49.144,8.193
071405009,Hunsrück-Mittelrhein,Rhénanie-Palatinat,RLP,Allemagne,50.109,7.655
071435003,Höhr-Grenzhausen,Rhénanie-Palatinat,RLP,Allemagne,50.421,7.695
07134045,Idar-Oberstein,Rhénanie-Palatinat,RLP,Allemagne,49.692,7.352
07339030,Ingelheim am Rhein,Rhénanie-Palatinat,RLP,Allemagne,49.974,8.08
073345003,Jockgrim,Rhénanie-Palatinat,RLP,Allemagne,49.103,8.287
071355002,Kaisersesch,Rhénanie-Palatinat,RLP,Allemagne,50.236,7.166
07312000,Kaiserslautern,Rhénanie-Palatinat,RLP,Allemagne,49.433,7.761
073345004,Kandel,Rhénanie-Palatinat,RLP,Allemagne,49.09,8.16
071405003,Kastellaun,Rhénanie-Palatinat,RLP,Allemagne,50.087,7.42
072335004,Kelberg,Rhénanie-Palatinat,RLP,Allemagne,50.275,6.947
071405004,Kirchberg (Hunsrück),Rhénanie-Palatinat,RLP,Allemagne,49.949,7.371
071325007,Kirchen (Sieg),Rhénanie-Palatinat,RLP,Allemagne,50.846,7.86
073335004,Kirchheimbolanden,Rhénanie-Palatinat,RLP,Allemagne,49.661,7.988
071335009,Kirner Land,Rhénanie-Palatinat,RLP,Allemagne,49.806,7.481
07111000,Koblenz,Rhénanie-Palatinat,RLP,Allemagne,50.359,7.574
072355003,Konz,Rhénanie-Palatinat,RLP,Allemagne,49.675,6.541
073365010,Kusel-Altenglan,Rhénanie-Palatinat,RLP,Allemagne,49.549,7.418
07141075,Lahnstein,Rhénanie-Palatinat,RLP,Allemagne,50.306,7.63
073325005,Lambrecht (Pfalz),Rhénanie-Palatinat,RLP,Allemagne,49.355,7.938
073385006,Lambsheim-Heßheim,Rhénanie-Palatinat,RLP,Allemagne,49.566,8.301
07313000,Landau in der Pfalz,Rhénanie-Palatinat,RLP,Allemagne,49.201,8.11
073375005,Landau-Land,Rhénanie-Palatinat,RLP,Allemagne,49.133,8.081
073355011,Landstuhl,Rhénanie-Palatinat,RLP,Allemagne,49.374,7.659
071335011,Langenlonsheim-Stromberg,Rhénanie-Palatinat,RLP,Allemagne,49.953,7.75
073365008,Lauterecken-Wolfstein,Rhénanie-Palatinat,RLP,Allemagne,49.624,7.59
073325007,Leiningerland,Rhénanie-Palatinat,RLP,Allemagne,49.556,8.226
07338017,Limburgerhof,Rhénanie-Palatinat,RLP,Allemagne,49.415,8.394
073345005,Lingenfeld,Rhénanie-Palatinat,RLP,Allemagne,49.251,8.315
071385004,Linz am Rhein,Rhénanie-Palatinat,RLP,Allemagne,50.582,7.324
071415009,Loreley,Rhénanie-Palatinat,RLP,Allemagne,50.213,7.674
07314000,Ludwigshafen am Rhein,Rhénanie-Palatinat,RLP,Allemagne,49.48,8.401
071375002,Maifeld,Rhénanie-Palatinat,RLP,Allemagne,50.286,7.34
07315000,Mainz,Rhénanie-Palatinat,RLP,Allemagne,49.981,8.243
073385004,Maxdorf,Rhénanie-Palatinat,RLP,Allemagne,49.479,8.285
07137068,Mayen,Rhénanie-Palatinat,RLP,Allemagne,50.32,7.211
071375004,Mendig,Rhénanie-Palatinat,RLP,Allemagne,50.379,7.241
073315003,Monsheim,Rhénanie-Palatinat,RLP,Allemagne,49.643,8.213
071435004,Montabaur,Rhénanie-Palatinat,RLP,Allemagne,50.414,7.826
07231502,Morbach,Rhénanie-Palatinat,RLP,Allemagne,49.815,7.111
07338019,Mutterstadt,Rhénanie-Palatinat,RLP,Allemagne,49.442,8.347
071335010,Nahe-Glan,Rhénanie-Palatinat,RLP,Allemagne,49.769,7.624
071415007,Nastätten,Rhénanie-Palatinat,RLP,Allemagne,50.199,7.834
07316000,Neustadt an der Weinstraße,Rhénanie-Palatinat,RLP,Allemagne,49.349,8.152
07138045,Neuwied,Rhénanie-Palatinat,RLP,Allemagne,50.445,7.492
073395006,Nieder-Olm,Rhénanie-Palatinat,RLP,Allemagne,49.928,8.172
073335007,Nordpfälzer Land,Rhénanie-Palatinat,RLP,Allemagne,49.669,7.81
073365009,Oberes Glantal,Rhénanie-Palatinat,RLP,Allemagne,49.453,7.378
073375007,Offenbach an der Queich,Rhénanie-Palatinat,RLP,Allemagne,49.226,8.197
073355010,Otterbach-Otterberg,Rhénanie-Palatinat,RLP,Allemagne,49.534,7.722
071375001,Pellenz,Rhénanie-Palatinat,RLP,Allemagne,50.391,7.35
07317000,Pirmasens,Rhénanie-Palatinat,RLP,Allemagne,49.201,7.587
073405003,Pirmasens-Land,Rhénanie-Palatinat,RLP,Allemagne,49.115,7.596
072325006,Prüm,Rhénanie-Palatinat,RLP,Allemagne,50.222,6.396
071385005,Puderbach,Rhénanie-Palatinat,RLP,Allemagne,50.596,7.607
073355008,Ramstein-Miesenbach,Rhénanie-Palatinat,RLP,Allemagne,49.447,7.528
071435005,Ransbach-Baumbach,Rhénanie-Palatinat,RLP,Allemagne,50.491,7.698
07131070,Remagen,Rhénanie-Palatinat,RLP,Allemagne,50.595,7.191
071385009,Rengsdorf-Waldbreitbach,Rhénanie-Palatinat,RLP,Allemagne,50.54,7.448
071435006,Rennerod,Rhénanie-Palatinat,RLP,Allemagne,50.618,8.078
071375009,Rhein-Mosel,Rhénanie-Palatinat,RLP,Allemagne,50.269,7.469
073395001,Rhein-Nahe,Rhénanie-Palatinat,RLP,Allemagne,50.01,7.791
073395007,Rhein-Selz,Rhénanie-Palatinat,RLP,Allemagne,49.831,8.293
073405004,Rodalben,Rhénanie-Palatinat,RLP,Allemagne,49.241,7.725
072355004,Ruwer,Rhénanie-Palatinat,RLP,Allemagne,49.711,6.775
073385007,Römerberg-Dudenhofen,Rhénanie-Palatinat,RLP,Allemagne,49.304,8.379
071335006,Rüdesheim,Rhénanie-Palatinat,RLP,Allemagne,49.857,7.722
073345006,Rülzheim,Rhénanie-Palatinat,RLP,Allemagne,49.155,8.328
072355008,Saarburg-Kell,Rhénanie-Palatinat,RLP,Allemagne,49.589,6.571
07338025,Schifferstadt,Rhénanie-Palatinat,RLP,Allemagne,49.381,8.373
072355006,Schweich a.d. Röm.Weinstr.,Rhénanie-Palatinat,RLP,Allemagne,49.806,6.81
071435007,Selters (Westerwald),Rhénanie-Palatinat,RLP,Allemagne,50.554,7.772
071405008,Simmern-Rheinböllen,Rhénanie-Palatinat,RLP,Allemagne,49.989,7.561
07131077,Sinzig,Rhénanie-Palatinat,RLP,Allemagne,50.528,7.226
072325007,Speicher,Rhénanie-Palatinat,RLP,Allemagne,49.922,6.655
07318000,Speyer,Rhénanie-Palatinat,RLP,Allemagne,49.33,8.432
073395008,Sprendlingen-Gensingen,Rhénanie-Palatinat,RLP,Allemagne,49.872,7.985
072325005,Südeifel,Rhénanie-Palatinat,RLP,Allemagne,49.936,6.296
073405009,Thaleischweiler-Wallhalben,Rhénanie-Palatinat,RLP,Allemagne,49.294,7.533
072315006,Thalfang am Erbeskopf,Rhénanie-Palatinat,RLP,Allemagne,49.747,7.007
072315009,Traben-Trarbach,Rhénanie-Palatinat,RLP,Allemagne,49.999,7.086
07211000,Trier,Rhénanie-Palatinat,RLP,Allemagne,49.759,6.653
072355007,Trier-Land,Rhénanie-Palatinat,RLP,Allemagne,49.824,6.588
071355003,Ulmen,Rhénanie-Palatinat,RLP,Allemagne,50.155,7.036
071385007,Unkel,Rhénanie-Palatinat,RLP,Allemagne,50.606,7.243
071375007,Vallendar,Rhénanie-Palatinat,RLP,Allemagne,50.405,7.629
071375003,Vordereifel,Rhénanie-Palatinat,RLP,Allemagne,50.312,7.082
073325006,Wachenheim a.d. Weinstr.,Rhénanie-Palatinat,RLP,Allemagne,49.456,8.243
073405006,Waldfischbach-Burgalben,Rhénanie-Palatinat,RLP,Allemagne,49.305,7.683
073365006,Waldmohr,Rhénanie-Palatinat,RLP,Allemagne,49.436,7.273
073385008,Waldsee,Rhénanie-Palatinat,RLP,Allemagne,49.41,8.451
071435008,Wallmerod,Rhénanie-Palatinat,RLP,Allemagne,50.498,7.915
073355009,Weilerbach,Rhénanie-Palatinat,RLP,Allemagne,49.495,7.596
071375008,Weißenthurm,Rhénanie-Palatinat,RLP,Allemagne,50.387,7.477
071435009,Westerburg,Rhénanie-Palatinat,RLP,Allemagne,50.567,7.953
073335006,Winnweiler,Rhénanie-Palatinat,RLP,Allemagne,49.567,7.878
071435010,Wirges,Rhénanie-Palatinat,RLP,Allemagne,50.481,7.811
071325008,Wissen,Rhénanie-Palatinat,RLP,Allemagne,50.796,7.766
07231134,Wittlich,Rhénanie-Palatinat,RLP,Allemagne,49.986,6.929
072315008,Wittlich-Land,Rhénanie-Palatinat,RLP,Allemagne,50.022,6.78
073315007,Wonnegau,Rhénanie-Palatinat,RLP,Allemagne,49.723,8.255
07319000,Worms,Rhénanie-Palatinat,RLP,Allemagne,49.645,8.324
073315005,Wöllstein,Rhénanie-Palatinat,RLP,Allemagne,49.794,7.969
073315006,Wörrstadt,Rhénanie-Palatinat,RLP,Allemagne,49.846,8.116
07334501,Wörth am Rhein,Rhénanie-Palatinat,RLP,Allemagne,49.027,8.19
071355005,Zell (Mosel),Rhénanie-Palatinat,RLP,Allemagne,50.025,7.256
07320000,Zweibrücken,Rhénanie-Palatinat,RLP,Allemagne,49.248,7.365
073405008,Zweibrücken-Land,Rhénanie-Palatinat,RLP,Allemagne,49.241,7.449
